User ID,Unique ID,Link
7394795052495356933,kelly.dukan,https://www.tiktok.com/@kelly.dukan
7318611454390699013,erickaleman3553,https://www.tiktok.com/@erickaleman3553
6942177331821855750,lk.side,https://www.tiktok.com/@lk.side
7323627111901004805,_thay._._,https://www.tiktok.com/@_thay._._
7339373180673557510,duardaawtx,https://www.tiktok.com/@duardaawtx
7393776458152625157,momopacial,https://www.tiktok.com/@momopacial
7382316082998445061,itamarsilva306,https://www.tiktok.com/@itamarsilva306
7270992697648366624,krivakleduo,https://www.tiktok.com/@krivakleduo
7166631113309717509,jenna_stan8,https://www.tiktok.com/@jenna_stan8
6965509515585192965,hkoo_,https://www.tiktok.com/@hkoo_
6795955887963440133,vulgo_jenna_verso06,https://www.tiktok.com/@vulgo_jenna_verso06
7265459325706552326,camilla.rakell,https://www.tiktok.com/@camilla.rakell
6964088567514743814,thatiany.silva.li,https://www.tiktok.com/@thatiany.silva.li
7318893343633736710,eustapa65,https://www.tiktok.com/@eustapa65
7351577736219395077,20022002jenna,https://www.tiktok.com/@20022002jenna
7191220460515804166,jen.stan21,https://www.tiktok.com/@jen.stan21
7233884200767521797,_usarnome_,https://www.tiktok.com/@_usarnome_
6845823509588067333,kitarov13,https://www.tiktok.com/@kitarov13
7352689964860261381,valenff207,https://www.tiktok.com/@valenff207
6965593488914760706,nick19_wz,https://www.tiktok.com/@nick19_wz
7389330164495025158,sosoh_7xs,https://www.tiktok.com/@sosoh_7xs
7275019518128243717,scream_ghostface04,https://www.tiktok.com/@scream_ghostface04
7384982961411785733,karolayne.micaela,https://www.tiktok.com/@karolayne.micaela
7095489950767137798,nuruddinnuruddin138gmai1,https://www.tiktok.com/@nuruddinnuruddin138gmai1
7299479970678965294,ortegamyers1,https://www.tiktok.com/@ortegamyers1
7386001959423247366,lucilene.alves.da61,https://www.tiktok.com/@lucilene.alves.da61
7347701791256003590,jennaoortela600,https://www.tiktok.com/@jennaoortela600
7392721760598934533,kehdajennao,https://www.tiktok.com/@kehdajennao
7304007561724134405,thauazinn.x7,https://www.tiktok.com/@thauazinn.x7
7311461497976341510,day.mts_,https://www.tiktok.com/@day.mts_
